Time, Distance From Path, Angle From Next Waypoint
2.139199, 0.00230744, 0
2.173223, 0.003069541, 0
2.201177, 0.007089785, 0
2.234504, 0.02692616, 0
2.268561, 0.04840429, 0
2.30145, 0.0697026, 0
2.334671, 0.09156738, 0
2.389261, 0.12134, 0
2.418609, 0.1239367, 0
2.4544, 0.1239367, 0
2.483495, 0.1239367, 0
2.516755, 0.1203922, 0
2.553319, 0.1169251, 0
2.605336, 0.1127265, 0
2.632693, 0.1109247, 0
2.672346, 0.1123562, 0
2.706047, 0.113843, 0
2.735474, 0.1164453, 0
2.771876, 0.12175, 0
2.82232, 0.1330479, 0
2.852841, 0.1445848, 0
2.889269, 0.1646374, 0
2.922642, 0.1870096, 0
2.955844, 0.1870096, 0
2.987725, 0.1870096, 0
3.037277, 0.1870096, 0
3.072998, 0.1870096, 0
3.10588, 0.1870096, 0
3.139863, 0.1870096, 0
3.166834, 0.1870096, 0
3.206392, 0.1870096, 0
3.256324, 0.1870096, 0
3.28841, 0.1870096, 0
3.322415, 0.1870096, 0
3.353651, 0.1870096, 0
3.397387, 0.1870096, 0
3.420594, 0.1870096, 0
3.458562, 0.2309856, 0
3.485156, 0.2748959, 0
3.517515, 0.334405, 0
3.556238, 0.4060504, 0
3.598753, 0.483601, 0
3.625733, 0.5292248, 0
3.672747, 0.5790302, 0
3.705644, 0.6130878, 0
3.740448, 0.6482188, 0
3.773424, 0.6806691, 0
3.80423, 0.6952634, 0
3.84024, 0.6952634, 0
3.881224, 0.6952634, 0
3.922839, 0.6952634, 0
3.956775, 0.6952634, 0
3.997839, 0.6952634, 0
4.020787, 0.6952634, 0
4.072014, 0.6952634, 0
4.086736, 0.6952634, 0
4.141451, 0.6952634, 0
4.168996, 0.6952634, 0
4.204287, 0.6952634, 0
4.237342, 0.6952634, 0
4.271283, 0.6952634, 0
4.301763, 0.6952634, 0
4.335002, 0.6952634, 0
4.370716, 0.6952634, 0
4.404843, 0.6952634, 0
4.437088, 0.6952634, 0
4.471637, 0.6952634, 0
4.501495, 0.7233828, 0
4.538164, 0.7641152, 0
4.570698, 0.804506, 0
4.613623, 0.8606338, 0
4.637144, 0.8921925, 0
4.681111, 0.9552875, 0
4.70114, 0.9840853, 0
4.756372, 0.9840853, 0
4.78559, 0.9840853, 0
4.81851, 0.9840853, 0
4.854892, 0.9840853, 0
4.885652, 0.9840853, 0
4.921221, 0.9840853, 0
4.971967, 0.9840853, 0
5.004138, 0.9840853, 0
5.037533, 0.9840853, 0
5.070862, 0.9840853, 0
5.104043, 0.9840853, 0
5.138019, 0.9840853, 0
5.170636, 0.9840853, 0
5.204225, 0.9840853, 0
5.235411, 0.9840853, 0
5.270775, 0.9840853, 0
5.303929, 0.9840853, 0
5.337622, 0.9840853, 0
5.369237, 0.9840853, 0
5.412462, 0.9840853, 0
5.432247, 0.9840853, 0
5.471227, 0.9840853, 0
5.504005, 0.9840853, 0
5.534333, 0.9840853, 0
5.570837, 0.9840853, 0
5.603267, 0.9840853, 0
5.635182, 0.9840853, 0
5.670403, 0.9840853, 0
5.704492, 0.9840853, 0
5.733953, 0.9840853, 0
5.770226, 0.9840853, 0
5.804006, 0.9840853, 0
5.837795, 0.9840853, 0
5.865921, 0.9840853, 0
5.905796, 0.9840853, 0
5.935816, 0.9840853, 0
5.968847, 0.9840853, 0
6.002678, 0.9840853, 0
6.045648, 0.9840853, 0
6.066221, 0.9840853, 0
6.104509, 0.9840853, 0
6.138515, 0.9840853, 0
6.169002, 0.9840853, 0
6.202519, 0.9840853, 0
6.235268, 0.9840853, 0
6.2682, 0.9840853, 0
6.304571, 0.9840853, 0
6.336938, 0.9840853, 0
6.368817, 0.9840853, 0
6.402594, 0.9840853, 0
6.464032, 0.9840853, 0
6.496841, 0.9840853, 0
6.53211, 0.9840853, 0
6.562793, 0.9840853, 0
6.597979, 0.9840853, 0
6.628928, 0.9840853, 0
6.663224, 0.9840853, 0
6.695192, 0.9840853, 0
6.729927, 0.9840853, 0
6.762967, 0.9840853, 0
6.795707, 0.9840853, 0
6.828748, 0.9840853, 0
6.861839, 0.9840853, 0
6.89557, 0.9840853, 0
6.92883, 0.9840853, 0
6.971738, 0.9840853, 0
6.997725, 0.9840853, 0
7.028913, 0.9840853, 0
7.062263, 0.9573042, 0
7.095527, 0.9313134, 0
7.129151, 0.9059694, 0
7.162307, 0.8814024, 0
7.195416, 0.8570136, 0
7.229388, 0.8317086, 0
7.264608, 0.8052027, 0
7.296513, 0.7812148, 0
7.329202, 0.7568862, 0
7.364001, 0.7312081, 0
7.389373, 0.7128341, 0
7.42052, 0.6909792, 0
7.454463, 0.6680213, 0
7.487844, 0.6458566, 0
7.521475, 0.6237693, 0
7.555004, 0.6018507, 0
7.615492, 1.236361, 0
7.63933, 1.171963, 0
7.670888, 1.086841, 0
7.705672, 0.9929664, 0
7.73819, 0.9052684, 0
7.771178, 0.8163399, 0
7.83028, 0.8163399, 0
7.858002, 0.8163399, 0
7.913272, 0.8163399, 0
7.947381, 0.8163399, 0
7.980753, 0.8163399, 0
8.012821, 0.8163399, 0
8.064835, 0.6759583, 0
8.098437, 0.5854828, 0
8.128791, 0.5037961, 0
8.164439, 0.4079753, 0
8.197968, 0.3180054, 0
8.228723, 0.2355858, 0
8.280693, 0.09630755, 0
8.31228, 0.01166012, 0
8.347279, 0.08206182, 0
8.3802, 0.1699036, 0
8.421076, 0.2787231, 0
8.4453, 0.3431995, 0
8.497217, 0.4812556, 0
8.529099, 0.5660315, 0
8.562496, 0.6548998, 0
8.598844, 0.7519542, 0
8.629846, 0.8347321, 0
8.663183, 0.9236448, 0
8.714494, 0.9236448, 0
8.745891, 0.9236448, 0
8.782254, 0.9236448, 0
8.813654, 0.9236448, 0
8.848713, 0.9236448, 0
8.881294, 0.9236448, 0
8.935234, 0.9236448, 0
8.965354, 0.9236448, 0
8.995755, 0.9236448, 0
9.028824, 0.9236448, 0
9.065324, 0.9236448, 0
9.098147, 0.9236448, 0
9.131269, 0.9236448, 0
9.164029, 0.9236448, 0
9.199824, 0.9236448, 0
9.230783, 0.9236448, 0
9.267401, 0.9236448, 0
9.298688, 0.9236448, 0
9.330616, 0.9236448, 0
9.366463, 0.9236448, 0
9.402509, 0.9236448, 0
9.437002, 0.9236448, 0
9.463624, 0.9236448, 0
9.500986, 0.9040665, 0
9.529938, 0.8814705, 0
9.566297, 0.8184661, 0
9.599015, 0.7620729, 0
9.632933, 0.7041684, 0
9.667474, 0.6449645, 0
9.699371, 0.5902522, 0
9.729689, 0.5368767, 0
9.781882, 0.4089311, 0
9.813339, 0.3198436, 0
9.847004, 0.2130011, 0
9.882402, 0.09013241, 0
9.915856, 0.03470106, 0
9.94815, 0.1570625, 0
9.99878, 0.3505356, 0
10.03221, 0.4536702, 0
10.06542, 0.4536702, 0
10.1007, 0.4536702, 0
10.1327, 0.4536702, 0
10.16456, 0.4536702, 0
10.21472, 0.4536702, 0
10.25076, 0.4536702, 0
10.28256, 0.4536702, 0
10.31607, 0.4536702, 0
10.34647, 0.4536702, 0
10.38066, 0.4536702, 0
10.41436, 0.4536702, 0
10.44975, 0.4536702, 0
10.47914, 0.4536702, 0
10.51363, 0.4536702, 0
10.54602, 0.4536702, 0
10.58229, 0.4536702, 0
10.61328, 0.4536702, 0
10.6474, 0.4536702, 0
10.67916, 0.4536702, 0
10.71373, 0.4536702, 0
10.74749, 0.4725671, 0
10.78015, 0.4908735, 0
10.81334, 0.5092715, 0
10.84725, 0.5275803, 0
10.8796, 0.5432753, 0
10.91572, 0.5465865, 0
10.9479, 0.5494524, 0
10.98695, 0.5529159, 0
11.01457, 0.5553453, 0
11.06645, 0.5596731, 0
11.09727, 0.562256, 0
11.13128, 0.5649417, 0
11.16586, 0.5673611, 0
11.19959, 0.5694621, 0
11.23129, 0.5713981, 0
11.28147, 0.5744598, 0
11.31415, 0.5762331, 0
11.34835, 0.5779156, 0
11.38444, 0.5796294, 0
11.41501, 0.5810464, 0
11.44627, 0.582352, 0
11.49249, 0.5840017, 0
11.52859, 0.5854561, 0
11.56432, 0.5882515, 0
11.60006, 0.6003838, 0
11.63405, 0.6142377, 0
11.66142, 0.6250135, 0
11.71213, 0.6464061, 0
11.74462, 0.6464061, 0
11.77899, 0.6464061, 0
11.81595, 0.6464061, 0
11.84741, 0.6464061, 0
11.87855, 0.6464061, 0
11.92967, 0.6464061, 0
11.9624, 0.6464061, 0
12.00033, 0.6464061, 0
12.02939, 0.6464061, 0
12.06252, 0.6464061, 0
12.09676, 0.6464061, 0
12.13064, 0.6464061, 0
12.16204, 0.6464061, 0
12.19629, 0.6464061, 0
12.2295, 0.6464061, 0
12.26381, 0.6464061, 0
12.2982, 0.6464061, 0
12.3334, 0.6464061, 0
12.3619, 0.5807754, 0
12.39437, 0.5026999, 0
12.43139, 0.4103022, 0
12.46677, 0.3192715, 0
12.4988, 0.2345787, 0
12.52977, 0.1503983, 0
12.57368, 0.02623174, 0
12.61296, 0.08715583, 0
12.64674, 0.1871703, 0
12.6797, 0.2868563, 0
12.71423, 0.2868563, 0
12.74677, 0.2868563, 0
12.79748, 0.2868563, 0
12.82428, 0.2868563, 0
12.86213, 0.2868563, 0
12.89644, 0.2868563, 0
12.93159, 0.2868563, 0
12.96322, 0.2282749, 0
13.00788, 0.1299654, 0
13.0467, 0.04620172, 0
13.07944, 0.02556989, 0
13.11493, 0.1059271, 0
13.14388, 0.173421, 0
13.17963, 0.2558407, 0
13.23139, 0.3760495, 0
13.258, 0.4405599, 0
13.2978, 0.5244545, 0
13.32817, 0.5244545, 0
13.35335, 0.5244545, 0
13.39533, 0.5244545, 0
13.44582, 0.5244545, 0
13.4718, 0.5244545, 0
13.51281, 0.5244545, 0
13.54446, 0.5244545, 0
13.57155, 0.5244545, 0
13.60303, 0.5244545, 0
13.66412, 0.5244545, 0
13.6888, 0.5244545, 0
13.71975, 0.5244545, 0
13.75247, 0.5244545, 0
13.78612, 0.5244545, 0
13.82028, 0.5244545, 0
13.85144, 0.5244545, 0
13.88677, 0.5244545, 0
13.92004, 0.4411366, 0
13.95265, 0.3589579, 0
13.99074, 1.157193, 0
14.01993, 1.055893, 0
14.05424, 0.9369393, 0
14.08663, 0.8247473, 0
14.12077, 0.7067274, 0
14.15487, 0.5888122, 0
14.18689, 0.4782469, 0
14.22037, 0.3631893, 0
14.28182, 0.1577172, 0
14.30862, 0.07130958, 0
14.33687, 0.01917471, 0
14.37116, 0.1254131, 0
14.40504, 0.2314521, 0
14.46247, 0.2314521, 0
14.51241, 0.2314521, 0
14.5455, 0.2314521, 0
14.57942, 0.2314521, 0
14.61427, 0.2314521, 0
14.64577, 0.2314521, 0
14.69747, 0.2314521, 0
14.72864, 0.2314521, 0
14.76431, 0.2314521, 0
14.79544, 0.2314521, 0
14.83021, 0.3499585, 0
14.86242, 0.4595993, 0
14.89463, 0.5222102, 0
14.92936, 0.5305777, 0
14.96274, 0.5328012, 0
14.99636, 0.5105022, 0
15.02958, 0.4769221, 0
15.06347, 0.4392895, 0
15.09697, 0.4013415, 0
15.14656, 0.3590956, 0
15.17908, 0.3513007, 0
15.21204, 0.3418155, 0
15.24711, 0.3497873, 0
15.28043, 0.3959186, 0
15.31393, 0.4526886, 0
15.36352, 0.4526886, 0
15.3999, 0.4526886, 0
15.42892, 0.4526886, 0
15.46306, 0.4526886, 0
15.49566, 0.4526886, 0
15.52785, 0.4526886, 0
15.58004, 0.4526886, 0
15.61238, 0.4526886, 0
15.64522, 0.4526886, 0
15.67893, 0.4526886, 0
15.71162, 0.4526886, 0
15.7465, 0.4526886, 0
15.77957, 0.4526886, 0
15.81338, 0.4526886, 0
15.84626, 0.4397784, 0
15.88044, 0.4262725, 0
15.91445, 0.4126238, 0
15.94581, 0.3993939, 0
15.98068, 0.3841811, 0
16.01376, 0.369105, 0
16.04543, 0.3540571, 0
16.08319, 0.3479274, 0
16.11655, 0.3544897, 0
16.14863, 0.3622134, 0
16.17997, 0.3702071, 0
16.22949, 0.3815342, 0
16.26423, 0.3755692, 0
16.29737, 0.3631928, 0
16.33232, 0.3507482, 0
16.36621, 0.338887, 0
16.39571, 0.3283715, 0
16.44837, 0.3080006, 0
16.47994, 0.2951203, 0
16.51441, 0.2807255, 0
16.55091, 0.2807255, 0
16.58198, 0.2807255, 0
16.6149, 0.2807255, 0
16.66507, 0.2807255, 0
16.69479, 0.2807255, 0
16.73077, 0.2807255, 0
16.77296, 0.2807255, 0
16.79784, 0.2701986, 0
16.82987, 0.2847494, 0
16.88203, 0.2847524, 0
16.91347, 0.283615, 0
16.94814, 0.29719, 0
16.97987, 0.3394476, 0
17.01936, 0.4180967, 0
17.04546, 0.4779684, 0
17.09704, 0.6426202, 0
17.13128, 0.7575858, 0
17.1636, 0.865824, 0
17.19627, 0.865824, 0
17.23249, 0.865824, 0
17.26367, 0.865824, 0
17.31489, 0.865824, 0
17.34844, 0.865824, 0
17.38055, 0.865824, 0
17.41549, 0.865824, 0
17.44724, 0.865824, 0
17.48012, 0.865824, 0
17.52999, 0.865824, 0
17.56327, 0.865824, 0
17.59769, 0.865824, 0
17.63147, 0.865824, 0
17.66573, 0.865824, 0
17.69744, 0.865824, 0
17.73069, 0.865824, 0
17.76173, 0.865824, 0
17.79969, 0.865824, 0
17.83162, 0.865824, 0
17.86468, 0.9764097, 0
17.89826, 1.088657, 0
17.92907, 1.191521, 0
17.96546, 1.312968, 0
17.99865, 1.423873, 0
18.0313, 1.533236, 0
18.06978, 1.662049, 0
18.09793, 1.756087, 0
18.14639, 1.917619, 0
18.18003, 2.029798, 0
18.22063, 2.159463, 0
18.25119, 2.249083, 0
18.28425, 2.320448, 0
18.31362, 2.363402, 0
18.36204, 2.41161, 0
18.38925, 2.435732, 0
18.43186, 2.478035, 0
18.46947, 2.541968, 0
18.49936, 2.603178, 0
18.5325, 2.603178, 0
18.5747, 2.603178, 0
18.61322, 2.603178, 0
18.64792, 2.603178, 0
18.68242, 2.603178, 0
18.71697, 2.603178, 0
18.74778, 2.603178, 0
18.80007, 2.603178, 0
18.82493, 2.603178, 0
18.86157, 2.603178, 0
18.89511, 2.603178, 0
18.92998, 2.719285, 0
18.96359, 2.831221, 0
18.9958, 2.938436, 0
19.02758, 3.04153, 0
19.06518, 3.149124, 0
19.09975, 3.240403, 0
19.13482, 3.332238, 0
19.16436, 3.409528, 0
19.21272, 3.534589, 0
19.24506, 3.606793, 0
19.27769, 3.665606, 0
19.31409, 3.726966, 0
19.34803, 3.788886, 0
19.38495, 3.881021, 0
19.43505, 4.016328, 0
19.46001, 4.083344, 0
19.50398, 4.212367, 0
19.531, 4.301671, 0
19.56855, 4.301671, 0
19.59659, 4.301671, 0
19.64646, 4.301671, 0
19.68728, 4.301671, 0
19.71425, 4.301671, 0
19.75465, 4.301671, 0
19.78574, 4.301671, 0
19.82009, 4.301671, 0
19.86468, 4.301671, 0
19.89388, 4.301671, 0
19.92522, 4.301671, 0
19.9575, 4.301671, 0
19.99535, 4.301671, 0
20.03004, 4.403851, 0
20.06379, 4.502245, 0
20.10093, 4.60475, 0
20.12438, 4.664858, 0
20.15352, 4.732864, 0
20.18906, 4.805912, 0
20.22335, 4.843407, 0
20.2523, 4.839758, 0
20.31405, 4.839758, 0
20.34233, 4.839758, 0
20.36942, 4.839758, 0
20.40364, 4.839758, 0
20.43722, 4.839758, 0
20.46907, 4.839758, 0
20.5289, 4.839758, 0
20.5571, 4.907528, 0
20.58682, 4.982316, 0
20.61921, 5.066422, 0
20.65368, 5.157297, 0
20.68721, 5.246493, 0
20.74586, 5.423781, 0
20.77154, 5.501902, 0
20.83011, 5.678397, 0
20.86371, 5.779665, 0
20.89633, 5.875778, 0
20.92966, 5.977257, 0
20.97916, 6.106634, 0
21.01237, 6.194043, 0
21.05002, 6.194043, 0
21.07928, 6.1188, 0
21.11309, 6.031906, 0
21.14508, 5.950227, 0
21.19562, 5.823, 0
21.23066, 5.734714, 0
21.26148, 5.638322, 0
21.29554, 5.519048, 0
21.32848, 5.403121, 0
21.36098, 5.289773, 0
21.41378, 5.106272, 0
21.44513, 4.997189, 0
21.4804, 4.874691, 0
21.5146, 4.749481, 0
21.54696, 4.626885, 0
21.5783, 4.507588, 0
21.62888, 4.313615, 0
21.66215, 4.191114, 0
21.69563, 4.191114, 0
21.7297, 4.191114, 0
21.76398, 4.191114, 0
21.79467, 4.191114, 0
21.84717, 4.191114, 0
21.88034, 4.191114, 0
21.91488, 4.191114, 0
21.94742, 4.191114, 0
21.97773, 4.191114, 0
22.01469, 4.191114, 0
22.04629, 4.191114, 0
22.07851, 4.191114, 0
22.11158, 4.191114, 0
22.14522, 4.191114, 0
22.17947, 4.191114, 0
22.21567, 4.191114, 0
22.24569, 4.191114, 0
22.27976, 4.191114, 0
22.31481, 4.173585, 0
22.34661, 4.154756, 0
22.38179, 4.133397, 0
22.41306, 4.115514, 0
22.44581, 4.098115, 0
22.49516, 4.073954, 0
22.52922, 4.058987, 0
22.5644, 4.045623, 0
22.59811, 4.034501, 0
22.6313, 4.024967, 0
22.66238, 4.018045, 0
22.7145, 4.006814, 0
22.7466, 4.004468, 0
22.78124, 4.00513, 0
22.81502, 4.006705, 0
22.85231, 4.008056, 0
22.87978, 4.009018, 0
22.93015, 3.987391, 0
22.96326, 3.961821, 0
22.99722, 3.88579, 0
23.03412, 3.738736, 0
23.06733, 3.738736, 0
23.09513, 3.738736, 0
23.14677, 3.738736, 0
23.17885, 3.738736, 0
23.2141, 3.738736, 0
23.24611, 3.738736, 0
23.28322, 3.738736, 0
23.31355, 3.738736, 0
23.36211, 3.738736, 0
23.39625, 3.738736, 0
23.42922, 3.738736, 0
23.4636, 3.738736, 0
23.49516, 3.738736, 0
23.52897, 3.738736, 0
23.56392, 3.657004, 0
23.59595, 3.580743, 0
23.62854, 3.5033, 0
23.66342, 3.420422, 0
23.69728, 3.340751, 0
23.73343, 3.256653, 0
23.76349, 3.18686, 0
23.8126, 3.07512, 0
23.84562, 2.999573, 0
23.87922, 2.923501, 0
23.91602, 2.840961, 0
23.94651, 2.772692, 0
23.97953, 2.699194, 0
24.02593, 2.576819, 0
24.06339, 2.451609, 0
24.09791, 2.315931, 0
24.1315, 2.206911, 0
24.16504, 2.142234, 0
24.1941, 2.143777, 0
24.24881, 2.181522, 0
24.28129, 2.206182, 0
24.31384, 2.238913, 0
24.34917, 2.277712, 0
24.3816, 2.314856, 0
24.41187, 2.359734, 0
24.46443, 2.359734, 0
24.48965, 2.359734, 0
24.53143, 2.359734, 0
24.56584, 2.359734, 0
24.59776, 2.359734, 0
24.63111, 2.359734, 0
24.67404, 2.359734, 0
24.71157, 2.359734, 0
24.74858, 2.359734, 0
24.77748, 2.359734, 0
24.81336, 2.359734, 0
24.84444, 2.359734, 0
24.87897, 2.359734, 0
24.91156, 2.359734, 0
24.94534, 2.359734, 0
24.97824, 2.359734, 0
25.01241, 2.359734, 0
25.04575, 2.359734, 0
25.07956, 2.359734, 0
25.11052, 2.24686, 0
25.15901, 2.135572, 0
25.19453, 2.077331, 0
25.23184, 2.035465, 0
25.26338, 2.013554, 0
25.29492, 1.999579, 0
25.32354, 1.993541, 0
25.36288, 1.971894, 0
25.39688, 1.912286, 0
25.42829, 1.912286, 0
25.46317, 1.912286, 0
25.49429, 1.912286, 0
25.54529, 1.912286, 0
25.57064, 1.912286, 0
25.6111, 1.912286, 0
25.64857, 1.912286, 0
25.68052, 1.912286, 0
25.71027, 1.912286, 0
25.75784, 1.912286, 0
25.79571, 1.912286, 0
25.82554, 1.912286, 0
25.86227, 1.912286, 0
25.89429, 1.912286, 0
25.92945, 1.912286, 0
25.95955, 1.912286, 0
25.99391, 1.912286, 0
26.02621, 1.912286, 0
26.0777, 1.912286, 0
26.11067, 1.912286, 0
26.14376, 1.821708, 0
26.17727, 1.7301, 0
26.21054, 1.638994, 0
26.24346, 1.547768, 0
26.27822, 1.449733, 0
26.31116, 1.355405, 0
26.34764, 1.249995, 0
26.37239, 1.178024, 0
26.40249, 1.089804, 0
26.4351, 0.9933365, 0
26.46933, 0.8914831, 0
26.50404, 0.7873799, 0
26.53569, 0.6922906, 0
26.56879, 0.592666, 0
26.62998, 0.4071213, 0
26.65729, 0.3238976, 0
26.68524, 0.2381252, 0
26.7196, 0.1311976, 0
26.75365, 0.02366408, 0
26.78556, 0.08148412, 0
26.8464, 0.2868953, 0
26.87212, 0.3738836, 0
26.90301, 0.4787655, 0
26.93769, 0.5965202, 0
26.96978, 0.7052051, 0
27.00285, 0.8172376, 0
27.06479, 1.027544, 0
27.09051, 1.114934, 0
27.11943, 1.213243, 0
27.154, 1.327598, 0
27.18834, 1.436721, 0
27.24499, 1.613268, 0
27.29697, 1.77521, 0
27.32765, 1.870908, 0
27.36209, 1.978737, 0
27.39582, 2.084575, 0
27.42813, 2.186222, 0
27.47998, 2.350022, 0
27.51096, 2.448067, 0
27.5452, 2.556085, 0
27.57977, 2.664833, 0
27.61142, 2.764276, 0
27.64414, 2.867012, 0
27.6953, 3.027747, 0
27.7275, 3.129013, 0
27.76228, 3.238548, 0
27.79591, 3.344847, 0
27.82884, 3.344847, 0
27.86031, 3.344847, 0
27.91165, 3.344847, 0
27.94515, 3.344847, 0
27.97835, 3.344847, 0
28.01158, 3.344847, 0
28.04709, 3.344847, 0
28.07824, 3.344847, 0
28.12986, 3.507133, 0
28.16086, 3.611891, 0
28.19393, 3.722339, 0
28.22834, 3.825453, 0
28.2617, 3.916197, 0
28.29652, 4.005814, 0
28.34504, 4.137196, 0
28.37719, 4.23157, 0
28.41329, 4.347372, 0
28.44858, 4.464748, 0
28.4815, 4.579697, 0
28.51105, 4.683732, 0
28.56288, 4.865496, 0
28.59534, 4.981326, 0
28.62979, 5.09652, 0
28.66438, 5.210992, 0
28.69514, 5.312851, 0
28.72752, 5.418991, 0
28.78338, 5.595608, 0
28.81167, 5.685553, 0
28.84728, 5.80295, 0
28.88415, 5.80295, 0
28.91832, 5.80295, 0
28.94788, 5.80295, 0
28.99598, 5.80295, 0
29.02954, 5.80295, 0
29.06503, 5.75257, 0
29.09883, 5.704529, 0
29.13113, 5.646948, 0
29.16116, 5.55336, 0
29.21409, 5.36806, 0
29.24631, 5.254945, 0
29.28291, 5.125941, 0
29.31397, 5.016163, 0
29.34748, 4.90445, 0
29.38032, 4.800821, 0
29.43029, 4.642608, 0
29.46271, 4.540446, 0
29.49767, 4.430789, 0
29.52967, 4.32961, 0
29.56873, 4.200188, 0
29.59889, 4.098567, 0
29.645, 3.942833, 0
29.68128, 3.825249, 0
29.71234, 3.772135, 0
29.7491, 3.755091, 0
29.7807, 3.757209, 0
29.81368, 3.723466, 0
29.86366, 3.62785, 0
29.89812, 3.51288, 0
29.93066, 3.399491, 0
29.96674, 3.277964, 0
29.99795, 3.277964, 0
30.02968, 3.277964, 0
30.08097, 3.277964, 0
30.1125, 3.277964, 0
30.14737, 3.277964, 0
30.18132, 3.277964, 0
30.215, 3.277964, 0
30.24536, 3.277964, 0
30.29777, 3.277964, 0
30.32998, 3.377649, 0
30.36253, 3.478061, 0
30.39895, 3.59015, 0
30.43158, 3.690654, 0
30.46317, 3.787609, 0
30.51111, 3.92239, 0
30.54581, 4.010099, 0
30.57885, 4.082961, 0
30.61654, 4.164108, 0
30.6481, 4.231705, 0
30.67729, 4.294427, 0
30.72944, 4.406015, 0
30.75804, 4.465636, 0
30.7966, 4.54266, 0
30.83071, 4.613799, 0
30.8621, 4.709536, 0
30.89759, 4.709536, 0
30.93999, 4.709536, 0
30.97963, 4.709536, 0
31.01177, 4.709536, 0
31.05021, 4.709536, 0
31.07949, 4.709536, 0
31.11064, 4.709536, 0
31.16378, 4.709536, 0
31.18946, 4.709536, 0
31.22963, 4.709536, 0
31.26124, 4.709536, 0
31.29432, 4.709536, 0
31.3297, 4.709536, 0
31.36151, 4.709536, 0
31.39376, 4.709536, 0
31.42755, 4.709536, 0
31.46051, 4.709536, 0
31.49533, 4.709536, 0
31.52875, 4.709536, 0
31.56128, 4.709536, 0
31.59479, 4.709536, 0
31.62848, 4.709536, 0
31.66265, 4.709536, 0
31.69453, 4.709536, 0
31.7302, 4.709536, 0
31.76313, 4.709536, 0
31.7941, 4.709536, 0
31.82911, 4.709536, 0
31.86283, 4.709536, 0
31.89425, 4.709536, 0
31.92676, 4.709536, 0
31.96319, 4.709536, 0
31.99414, 4.709536, 0
32.02744, 4.709536, 0
32.06207, 4.709536, 0
32.09535, 4.709536, 0
32.12768, 4.709536, 0
32.16211, 4.709536, 0
32.19385, 4.709536, 0
32.2285, 4.709536, 0
32.25924, 4.709536, 0
32.28326, 4.709536, 0
32.32808, 4.709536, 0
32.36172, 4.709536, 0
32.3854, 4.709536, 0
32.4177, 4.709536, 0
32.45158, 4.709536, 0
32.49642, 4.709536, 0
32.52525, 4.709536, 0
32.55157, 4.709536, 0
32.58582, 4.709536, 0
32.61751, 4.709536, 0
32.65187, 4.709536, 0
32.6855, 4.709536, 0
32.71771, 4.709536, 0
32.75176, 4.709536, 0
32.78593, 4.709536, 0
32.81845, 4.709536, 0
32.85271, 4.709536, 0
32.88457, 4.709536, 0
32.91797, 4.709536, 0
32.95147, 4.709536, 0
32.98586, 4.709536, 0
33.01783, 4.709536, 0
33.05168, 4.709536, 0
33.08537, 4.709536, 0
33.11855, 4.709536, 0
33.15268, 4.709536, 0
33.18552, 4.709536, 0
33.21997, 4.709536, 0
33.2528, 4.709536, 0
33.28574, 4.709536, 0
33.34563, 4.709536, 0
33.37674, 4.709536, 0
33.41064, 4.709536, 0
33.44381, 4.709536, 0
33.47704, 4.709536, 0
33.52002, 4.709536, 0
33.54404, 4.709536, 0
33.57682, 4.709536, 0
33.61071, 4.709536, 0
33.64502, 4.709536, 0
33.68082, 4.709536, 0
33.71171, 4.709536, 0
33.74487, 4.709536, 0
33.77983, 4.709536, 0
33.81322, 4.709536, 0
33.84647, 4.709536, 0
33.87862, 4.709536, 0
33.9107, 4.709536, 0
33.94329, 4.709536, 0
33.97821, 4.709536, 0
34.01161, 4.709536, 0
34.04306, 4.709536, 0
34.08057, 4.709536, 0
34.11013, 4.709536, 0
34.14329, 4.709536, 0
34.17724, 4.709536, 0
34.21018, 4.709536, 0
34.24364, 4.709536, 0
34.27672, 4.709536, 0
34.31009, 4.709536, 0
34.34394, 4.709536, 0
34.37671, 4.709536, 0
34.41066, 4.709536, 0
34.44368, 4.709536, 0
34.47665, 4.709536, 0
34.51233, 4.709536, 0
34.54337, 4.709536, 0
34.57696, 4.709536, 0
34.61079, 4.709536, 0
34.64987, 4.709536, 0
34.68217, 4.709536, 0
34.71358, 4.709536, 0
34.74556, 4.709536, 0
34.77837, 4.709536, 0
34.81132, 4.709536, 0
34.84608, 4.709536, 0
34.87865, 4.709536, 0
34.91204, 4.709536, 0
34.94575, 4.709536, 0
34.97867, 4.709536, 0
35.01278, 4.709536, 0
35.04504, 4.709536, 0
35.08196, 4.709536, 0
35.11257, 4.709536, 0
35.14479, 4.709536, 0
35.18058, 4.709536, 0
35.21185, 4.709536, 0
35.24715, 4.709536, 0
35.279, 4.709536, 0
35.31187, 4.709536, 0
35.34689, 4.709536, 0
35.37915, 4.709536, 0
35.41252, 4.709536, 0
35.44544, 4.709536, 0
35.47908, 4.709536, 0
35.51347, 4.709536, 0
35.54805, 4.709536, 0
35.57819, 4.709536, 0
35.61304, 4.709536, 0
35.64381, 4.709536, 0
35.68088, 4.709536, 0
35.71065, 4.709536, 0
35.74537, 4.709536, 0
35.77802, 4.709536, 0
35.8117, 4.709536, 0
35.84669, 4.709536, 0
35.87819, 4.709536, 0
35.91144, 4.709536, 0
35.94498, 4.709536, 0
35.97769, 4.709536, 0
36.01296, 4.709536, 0
36.04432, 4.709536, 0
36.07811, 4.709536, 0
36.11086, 4.709536, 0
36.14583, 4.709536, 0
36.1793, 4.709536, 0
36.21324, 4.709536, 0
36.24505, 4.709536, 0
36.27969, 4.709536, 0
36.3116, 4.709536, 0
36.34623, 4.709536, 0
36.38325, 4.709536, 0
36.41209, 4.709536, 0
36.44529, 4.709536, 0
36.47982, 4.709536, 0
36.51293, 4.709536, 0
36.5462, 4.709536, 0
36.57922, 4.709536, 0
36.61249, 4.709536, 0
36.64623, 4.709536, 0
36.67814, 4.709536, 0
36.71102, 4.709536, 0
36.74612, 4.709536, 0
36.77721, 4.709536, 0
36.81242, 4.709536, 0
36.84695, 4.709536, 0
36.87776, 4.709536, 0
36.91133, 4.709536, 0
36.94375, 4.709536, 0
36.97653, 4.709536, 0
37.01243, 4.709536, 0
37.04385, 4.709536, 0
37.08099, 4.709536, 0
37.11016, 4.709536, 0
37.14535, 4.709536, 0
37.17889, 4.709536, 0
37.21183, 4.709536, 0
37.24377, 4.709536, 0
37.27856, 4.709536, 0
37.31011, 4.709536, 0
37.34447, 4.709536, 0
37.37694, 4.709536, 0
37.41423, 4.709536, 0
37.44329, 4.709536, 0
37.47789, 4.606715, 0
37.51216, 4.505426, 0
37.54831, 4.398732, 0
37.57867, 4.309346, 0
37.61152, 4.213028, 0
37.65643, 4.084397, 0
37.69565, 3.974417, 0
37.72754, 3.885871, 0
37.76312, 3.787822, 0
37.79398, 3.787822, 0
37.82644, 3.787822, 0
37.8787, 3.787822, 0
37.90569, 3.787822, 0
37.94377, 3.787822, 0
37.97981, 3.787822, 0
38.01262, 3.787822, 0
38.0428, 3.787822, 0
38.0913, 3.787822, 0
38.12934, 3.787822, 0
38.16034, 3.787822, 0
38.19445, 3.787822, 0
38.22615, 3.787822, 0
38.26089, 3.787822, 0
38.29174, 3.787822, 0
38.32758, 3.787822, 0
38.36094, 3.920866, 0
38.39384, 4.050759, 0
38.42715, 4.181712, 0
38.46164, 4.316079, 0
38.49394, 4.443223, 0
38.54173, 4.634344, 0
38.57753, 4.777555, 0
38.60776, 4.898434, 0
38.63406, 4.898434, 0
38.67943, 4.898434, 0
38.7101, 4.898434, 0
38.75367, 4.898434, 0
38.7847, 4.898434, 0
38.81811, 4.898434, 0
38.85119, 4.898434, 0
38.88548, 4.898434, 0
38.91891, 4.898434, 0
38.97781, 4.898434, 0
39.00425, 4.898434, 0
39.0345, 4.898434, 0
39.06875, 4.898434, 0
39.12799, 4.898434, 0
39.16082, 4.767807, 0
39.19523, 4.640963, 0
39.22772, 4.520269, 0
39.26093, 4.39364, 0
39.29335, 4.26632, 0
39.32772, 4.129168, 0
39.35942, 4.002564, 0
39.39475, 3.861297, 0
39.42212, 3.751927, 0
39.45275, 3.629772, 0
39.48522, 3.50104, 0
39.54631, 3.26199, 0
39.57782, 3.140881, 0
39.61048, 3.017488, 0
39.66081, 3.017488, 0
39.69378, 3.017488, 0
39.72778, 3.017488, 0
39.76053, 3.017488, 0
39.7931, 3.017488, 0
39.84658, 3.017488, 0
39.87637, 3.017488, 0
39.91283, 3.017488, 0
39.94325, 3.017488, 0
39.97656, 3.017488, 0
40.01066, 3.017488, 0
40.04413, 3.017488, 0
40.08068, 3.017488, 0
40.11093, 3.017488, 0
40.14314, 3.017488, 0
40.17651, 3.017488, 0
40.2102, 2.939276, 0
40.24416, 2.817573, 0
40.27605, 2.703883, 0
40.30986, 2.584661, 0
40.34262, 2.476285, 0
40.37797, 2.385385, 0
40.41137, 2.30129, 0
40.44375, 2.219622, 0
40.47674, 2.136833, 0
40.52784, 2.009723, 0
40.56065, 1.929133, 0
40.59415, 1.847517, 0
40.62824, 1.764713, 0
40.66073, 1.685803, 0
40.69333, 1.606049, 0
40.74503, 1.606049, 0
40.77681, 1.606049, 0
40.81, 1.606049, 0
40.8483, 1.606049, 0
40.87775, 1.606049, 0
40.911, 1.606049, 0
40.96211, 1.606049, 0
40.9951, 1.606049, 0
41.0289, 1.606049, 0
41.0621, 1.606049, 0
41.09432, 1.606049, 0
41.12903, 1.606049, 0
41.16144, 1.606049, 0
41.19448, 1.528345, 0
41.22927, 1.413307, 0
41.26205, 1.306636, 0
41.29681, 1.194277, 0
41.32864, 1.104113, 0
41.36127, 1.028028, 0
41.41363, 0.9059461, 0
41.44549, 0.8320223, 0
41.4784, 0.7558238, 0
41.5139, 0.674003, 0
41.54835, 0.5950765, 0
41.57835, 0.5264642, 0
41.62858, 0.4113725, 0
41.66194, 0.3348268, 0
41.69733, 0.2534304, 0
41.73918, 0.1568224, 0
41.7781, 0.06671886, 0
41.80189, 0.01165946, 0
41.84723, 0.09321506, 0
41.87698, 0.1621013, 0
41.91348, 0.2466769, 0
41.94627, 0.3226223, 0
41.97926, 0.398896, 0
42.01146, 0.4733929, 0
42.06028, 0.5862297, 0
42.09582, 0.6683053, 0
42.12756, 0.7415352, 0
42.16345, 0.8241195, 0
42.19782, 0.9030545, 0
42.22866, 0.9738355, 0
42.27798, 0.9738355, 0
42.31087, 0.9738355, 0
42.34483, 0.9738355, 0
42.38129, 0.9738355, 0
42.41317, 0.9738355, 0
42.44555, 0.9738355, 0
42.49572, 0.8586565, 0
42.52758, 0.8371292, 0
42.56258, 0.8313621, 0
42.59801, 0.946602, 0
42.63165, 0.946602, 0
42.66093, 0.946602, 0
42.70892, 0.946602, 0
42.7454, 0.946602, 0
42.77917, 0.946602, 0
42.81234, 0.946602, 0
42.848, 0.946602, 0
42.87595, 0.946602, 0
42.92633, 0.946602, 0
42.96336, 0.946602, 0
42.99366, 0.946602, 0
43.0274, 0.946602, 0
43.05941, 0.946602, 0
43.09464, 0.946602, 0
43.12878, 0.946602, 0
43.16104, 0.946602, 0
43.19368, 0.946602, 0
43.22759, 0.946602, 0
43.26005, 0.946602, 0
43.2951, 0.946602, 0
43.32689, 0.946602, 0
43.3606, 0.946602, 0
43.39297, 0.946602, 0
43.42912, 0.946602, 0
43.46162, 0.946602, 0
43.49243, 0.946602, 0
43.52744, 0.946602, 0
43.56076, 0.946602, 0
43.59322, 0.946602, 0
43.62769, 0.946602, 0
43.65965, 0.946602, 0
43.69425, 0.946602, 0
43.72707, 0.946602, 0
43.76105, 0.946602, 0
43.79512, 0.946602, 0
43.82666, 0.946602, 0
43.8612, 0.8913057, 0
43.89283, 0.8393509, 0
43.92748, 0.7800179, 0
43.9624, 0.7187635, 0
43.99334, 0.6634027, 0
44.02637, 0.6032087, 0
44.05996, 0.6032087, 0
44.09827, 0.6032087, 0
44.15004, 0.6032087, 0
44.18151, 0.6032087, 0
44.21104, 0.6032087, 0
44.23872, 0.6032087, 0
44.27814, 0.6032087, 0
44.30777, 0.6032087, 0
44.34403, 0.6032087, 0
44.37831, 0.6032087, 0
44.41206, 0.6032087, 0
44.44134, 0.6032087, 0
44.47738, 0.6032087, 0
44.51085, 0.6032087, 0
44.54419, 0.6032087, 0
44.57586, 0.5352334, 0
44.61056, 0.461354, 0
44.64645, 0.3851088, 0
44.66946, 0.3359354, 0
44.70219, 0.2661032, 0
44.73863, 0.1894489, 0
44.77238, 0.1189342, 0
44.81414, 0.03227133, 0
44.84194, 0.02471631, 0
44.89547, 0.1328719, 0
44.91971, 0.1815141, 0
44.95474, 0.2514511, 0
44.99046, 0.3227501, 0
45.02609, 0.3932561, 0
45.0514, 0.4432077, 0
45.11638, 0.4432077, 0
45.13668, 0.4432077, 0
45.16772, 0.4432077, 0
45.20164, 0.4432077, 0
45.23554, 0.4432077, 0
45.26716, 0.4432077, 0
45.32945, 0.4432077, 0
45.35569, 0.4432077, 0
45.38505, 0.5397585, 0
45.4175, 0.6456868, 0
45.45141, 0.6456868, 0
45.48576, 0.6456868, 0
45.51762, 0.6456868, 0
45.55496, 0.6456868, 0
45.58547, 0.6456868, 0
45.62035, 0.6456868, 0
45.65248, 0.6456868, 0
45.70967, 0.6456868, 0
45.76116, 0.6456868, 0
45.79266, 0.6456868, 0
45.82809, 0.6456868, 0
45.85942, 0.6456868, 0
45.89281, 0.6456868, 0
45.9266, 0.6456868, 0
45.95908, 0.537329, 0
45.99311, 0.4180384, 0
46.0258, 0.2989076, 0
46.06356, 0.1561006, 0
46.09435, 0.1561006, 0
46.12575, 0.1561006, 0
46.17849, 0.1561006, 0
46.21024, 0.02912503, 0
46.24592, 0.1132307, 0
46.2781, 0.240687, 0
46.31028, 0.3668025, 0
46.3446, 0.4989051, 0
46.39472, 0.6843826, 0
46.42669, 0.7979092, 0
46.4597, 0.9096213, 0
46.49476, 1.008515, 0
46.52755, 1.08029, 0
46.5588, 1.137289, 0
46.61273, 1.217402, 0
46.64323, 1.258504, 0
46.6787, 1.347207, 0
46.71101, 1.440211, 0
46.74368, 1.440211, 0
46.77644, 1.440211, 0
46.82704, 1.440211, 0
46.85918, 1.440211, 0
46.89281, 1.440211, 0
46.92961, 1.440211, 0
46.96041, 1.440211, 0
46.99263, 1.440211, 0
47.04785, 1.440211, 0
47.07804, 1.440211, 0
47.1105, 1.440211, 0
47.14399, 1.440211, 0
47.17911, 1.440211, 0
47.21236, 1.440211, 0
47.24552, 1.440211, 0
47.27794, 1.440211, 0
47.31035, 1.536732, 0
47.34474, 1.631258, 0
47.38044, 1.716109, 0
47.41341, 1.781111, 0
47.44428, 1.83534, 0
47.49484, 1.913235, 0
47.52872, 1.958935, 0
47.56242, 1.99424, 0
47.59669, 2.022555, 0
47.62953, 2.043387, 0
47.66108, 2.058146, 0
47.71065, 2.068383, 0
47.74659, 2.068012, 0
47.77879, 2.05853, 0
47.8153, 2.040285, 0
47.84412, 2.021845, 0
47.87692, 1.997327, 0
47.92868, 1.955729, 0
47.9599, 1.93178, 0
47.99589, 1.913315, 0
48.03007, 1.910657, 0
48.08243, 1.910657, 0
48.11616, 1.910657, 0
48.14442, 1.910657, 0
48.19521, 1.910657, 0
48.22806, 1.910657, 0
48.26287, 1.910657, 0
48.29688, 1.910657, 0
48.32793, 1.910657, 0
48.36013, 1.910657, 0
48.39499, 1.910657, 0
48.42878, 1.910657, 0
48.46024, 1.910657, 0
48.49476, 1.910657, 0
48.52681, 1.910657, 0
48.56131, 1.910657, 0
48.59632, 1.910657, 0
48.62786, 1.910657, 0
48.66076, 1.910657, 0
48.69449, 1.910657, 0
48.72726, 1.910657, 0
48.76354, 1.913602, 0
48.79478, 1.968072, 0
48.82864, 2.032731, 0
48.86151, 2.092582, 0
48.90047, 2.154223, 0
48.93094, 2.193182, 0
48.9624, 2.207548, 0
49.01244, 2.188987, 0
49.04505, 2.176484, 0
49.07908, 2.17549, 0
49.11407, 2.179582, 0
49.14547, 2.1766, 0
49.17872, 2.168466, 0
49.2276, 2.144994, 0
49.25684, 2.127319, 0
49.29457, 2.098369, 0
49.3288, 2.067372, 0
49.36014, 2.037409, 0
49.39293, 2.004936, 0
49.4397, 1.958937, 0
49.47602, 1.924207, 0
49.51012, 1.892555, 0
49.54658, 1.860266, 0
49.57808, 1.832886, 0
49.60882, 1.807993, 0
49.66158, 1.778983, 0
49.68713, 1.773368, 0
49.72539, 1.793463, 0
49.76044, 1.817865, 0
49.79448, 1.842157, 0
49.82789, 1.866828, 0
49.86939, 1.89959, 0
49.90928, 1.931801, 0
49.94274, 1.9587, 0
49.97843, 1.985546, 0
50.00898, 2.00597, 0
50.04411, 2.028523, 0
50.09248, 2.059115, 0
50.12531, 2.079668, 0
50.16274, 2.102776, 0
50.19342, 2.122373, 0
50.22727, 2.155823, 0
50.25689, 2.218031, 0
50.30171, 2.335896, 0
50.34474, 2.449006, 0
50.37516, 2.52879, 0
50.41047, 2.621501, 0
50.44394, 2.709347, 0
50.47688, 2.796234, 0
50.52858, 2.796234, 0
50.54985, 2.796234, 0
50.59293, 2.796234, 0
50.62767, 2.796234, 0
50.65097, 2.796234, 0
50.68248, 2.796234, 0
50.7438, 2.796234, 0
50.77337, 2.900308, 0
50.80005, 2.993376, 0
50.83337, 3.109349, 0
50.86632, 3.224001, 0
50.90343, 3.353585, 0
50.96071, 3.353585, 0
50.9854, 3.439724, 0
51.01601, 3.546453, 0
51.05057, 3.666829, 0
51.08332, 3.780697, 0
51.11634, 3.895443, 0
51.17886, 4.113153, 0
51.20359, 4.199191, 0
51.23408, 4.305374, 0
51.2674, 4.421156, 0
51.30092, 4.421156, 0
51.33443, 4.421156, 0
51.3943, 4.421156, 0
51.41871, 4.421156, 0
51.47535, 4.421156, 0
51.50994, 4.421156, 0
51.54321, 4.421156, 0
51.57511, 4.309473, 0
51.61226, 4.179265, 0
51.65919, 4.013924, 0
51.69265, 3.897171, 0
51.72662, 3.782393, 0
51.76119, 3.665788, 0
51.79259, 3.553574, 0
51.84315, 3.553574, 0
51.87461, 3.553574, 0
51.90911, 3.553574, 0
51.94296, 3.553574, 0
51.97625, 3.553574, 0
52.00923, 3.614758, 0
52.05864, 3.699744, 0
52.09257, 3.746283, 0
52.12862, 3.780577, 0
52.15978, 3.807636, 0
52.19289, 3.827824, 0
52.22515, 3.846349, 0
52.27777, 3.863881, 0
52.30848, 3.863881, 0
52.34283, 3.863881, 0
52.37692, 3.863881, 0
52.40956, 3.863881, 0
52.4425, 3.863881, 0
52.49346, 3.863881, 0
52.52737, 3.863881, 0
52.55805, 3.863881, 0
52.5919, 3.863881, 0
52.62498, 3.863881, 0
52.65891, 3.863881, 0
52.69268, 3.863881, 0
52.7254, 3.863881, 0
52.75789, 3.863881, 0
52.79265, 3.863881, 0
52.82699, 3.845617, 0
52.86048, 3.82068, 0
52.8921, 3.790576, 0
52.92563, 3.757779, 0
52.96062, 3.724663, 0
52.99734, 3.700465, 0
53.03004, 3.678727, 0
53.0624, 3.657044, 0
53.09259, 3.635803, 0
53.14766, 3.635803, 0
53.17685, 3.635803, 0
53.21091, 3.635803, 0
53.24649, 3.635803, 0
53.28058, 3.635803, 0
53.30929, 3.635803, 0
53.36209, 3.635803, 0
53.3941, 3.635803, 0
53.42664, 3.635803, 0
53.46167, 3.635803, 0
53.49575, 3.635803, 0
53.52764, 3.635803, 0
53.56087, 3.635803, 0
53.59362, 3.554716, 0
53.62874, 3.44853, 0
53.66162, 3.335031, 0
53.69618, 3.210173, 0
53.72609, 3.101148, 0
53.77732, 2.912472, 0
53.81156, 2.786944, 0
53.84664, 2.660275, 0
53.8784, 2.58262, 0
53.91174, 2.58262, 0
53.94495, 2.58262, 0
53.99419, 2.58262, 0
54.02618, 2.58262, 0
54.05925, 2.58262, 0
54.09571, 2.58262, 0
54.12654, 2.58262, 0
54.16104, 2.491835, 0
54.21173, 2.327676, 0
54.24462, 2.223263, 0
54.2761, 2.123907, 0
54.31268, 2.008536, 0
54.34389, 1.906342, 0
54.3773, 1.780982, 0
54.42826, 1.586229, 0
54.46034, 1.464488, 0
54.49503, 1.333208, 0
54.52919, 1.212305, 0
54.56104, 1.100989, 0
